,cosine_overlap,cosine_error,cosine_silhoette,euclidean_overlap,euclidean_error,euclidean_silhoette
SpeakerNet,0.15334711290721958,231,0.19989190040883884,0.6630053941671772,5697,0.33043885231018066
TitaNet,0.07238770892858892,20,0.3419769935072269,0.13852686634961475,994,0.8570306301116943
PyAnnote,0.10129315144942799,55,0.19112720935884908,0.6278716142526088,6295,0.27481403946876526
Ecapa-Nemo,0.12177978634053352,48,0.3236861942071119,0.24670108804968968,1749,0.7668120265007019
Ecapa-Speechbrain,0.060104646176103844,27,0.3004670756096003,0.26398359263312376,1566,0.70567786693573
